Country,1990,1991,1992,1993,1994,1995,1996,1997,1998,1999,2000,2001,2002,2003,2004,2005,2006,2007,2008,2009,2010,2011,2012,2013,2014,2015,2016,2017,2018
Afghanistan,0.122,0.133,0.145,0.156,0.168,0.179,0.19,0.20199999999999999,0.213,0.22399999999999998,0.235,0.247,0.259,0.271,0.302,0.312,0.324,0.336,0.342,0.35200000000000004,0.37200000000000005,0.374,0.39,0.39799999999999996,0.40299999999999997,0.405,0.406,0.408,0.413
Albania,0.584,0.589,0.5579999999999999,0.5429999999999999,0.542,0.551,0.5579999999999999,0.5710000000000001,0.58,0.586,0.588,0.589,0.598,0.605,0.606,0.623,0.629,0.642,0.6459999999999999,0.652,0.6729999999999999,0.715,0.743,0.763,0.774,0.77,0.7609999999999999,0.758,0.758
Algeria,0.385,0.395,0.405,0.414,0.424,0.431,0.44299999999999995,0.45799999999999996,0.473,0.48700000000000004,0.5,0.513,0.529,0.542,0.557,0.57,0.5770000000000001,0.588,0.588,0.608,0.626,0.644,0.639,0.659,0.662,0.6629999999999999,0.6679999999999999,0.674,0.675
Andorra,,,,,,,,,,,0.524,0.5379999999999999,0.5589999999999999,0.64,0.649,0.626,0.6459999999999999,0.647,0.6609999999999999,0.6609999999999999,0.662,0.6629999999999999,0.715,0.705,0.715,0.7040000000000001,0.708,0.701,0.708
Angola,,,,,,,,,,0.276,0.28800000000000003,0.3,0.312,0.324,0.336,0.348,0.36200000000000004,0.376,0.39,0.40399999999999997,0.39799999999999996,0.423,0.435,0.447,0.46,0.47200000000000003,0.48700000000000004,0.498,0.498
Antigua and Barbuda,,,,,,,,,,,,,,,,0.6729999999999999,0.675,0.6759999999999999,0.674,0.672,0.667,0.6509999999999999,0.6559999999999999,0.657,0.652,0.654,0.654,0.655,0.655
Argentina,0.628,0.632,0.634,0.636,0.639,0.648,0.659,0.67,0.6809999999999999,0.715,0.736,0.7559999999999999,0.762,0.7609999999999999,0.76,0.7509999999999999,0.795,0.7959999999999999,0.8009999999999999,0.81,0.818,0.8240000000000001,0.8220000000000001,0.8220000000000001,0.826,0.8320000000000001,0.8340000000000001,0.8420000000000001,0.8420000000000001
Armenia,0.637,0.64,0.64,0.647,0.64,0.631,0.633,0.6459999999999999,0.6659999999999999,0.674,0.6709999999999999,0.66,0.66,0.662,0.6679999999999999,0.679,0.696,0.7170000000000001,0.7120000000000001,0.7290000000000001,0.7340000000000001,0.737,0.736,0.743,0.746,0.746,0.755,0.759,0.759
Australia,0.873,0.8740000000000001,0.8740000000000001,0.875,0.875,0.894,0.895,0.895,0.895,0.895,0.895,0.8959999999999999,0.895,0.893,0.892,0.873,0.8759999999999999,0.879,0.914,0.9159999999999999,0.919,0.922,0.9279999999999999,0.9059999999999999,0.9079999999999999,0.9179999999999999,0.919,0.9229999999999999,0.9229999999999999
Austria,0.675,0.682,0.6920000000000001,0.6990000000000001,0.7040000000000001,0.7090000000000001,0.711,0.715,0.72,0.727,0.731,0.754,0.721,0.728,0.74,0.7490000000000001,0.759,0.8059999999999999,0.809,0.8190000000000001,0.8370000000000001,0.838,0.841,0.833,0.8540000000000001,0.861,0.865,0.871,0.871
Azerbaijan,,,,,,0.618,0.614,0.616,0.625,0.633,0.64,0.647,0.653,0.66,0.6659999999999999,0.652,0.68,0.662,0.662,0.674,0.659,0.659,0.665,0.667,0.6729999999999999,0.68,0.685,0.6890000000000001,0.6940000000000001
Bahamas,,,,,,,,,,,0.7,0.7020000000000001,0.7040000000000001,0.706,0.708,0.71,0.7170000000000001,0.7170000000000001,0.72,0.725,0.731,0.73,0.7290000000000001,0.728,0.727,0.731,0.735,0.741,0.741
Bahrain,0.574,0.586,0.586,0.599,0.609,0.619,0.624,0.628,0.632,0.635,0.643,0.645,0.6459999999999999,0.6459999999999999,0.6409999999999999,0.637,0.64,0.644,0.647,0.6509999999999999,0.654,0.664,0.664,0.674,0.685,0.728,0.74,0.738,0.738
Bangladesh,0.251,0.26,0.268,0.276,0.284,0.292,0.303,0.313,0.324,0.33399999999999996,0.344,0.355,0.36200000000000004,0.37,0.37799999999999995,0.385,0.391,0.395,0.391,0.409,0.43200000000000005,0.446,0.456,0.457,0.451,0.479,0.496,0.513,0.513
Barbados,0.625,0.632,0.639,0.6459999999999999,0.653,0.66,0.665,0.669,0.66,0.6779999999999999,0.69,0.69,0.6970000000000001,0.7040000000000001,0.711,0.718,0.725,0.732,0.742,0.7509999999999999,0.742,0.755,0.7759999999999999,0.777,0.777,0.777,0.777,0.773,0.773
Belarus,,,,,,0.63,0.643,0.648,0.649,0.6579999999999999,0.6679999999999999,0.677,0.687,0.696,0.706,0.716,0.745,0.774,0.804,0.826,0.828,0.8290000000000001,0.833,0.8390000000000001,0.838,0.8370000000000001,0.8390000000000001,0.838,0.8370000000000001
Belgium,0.705,0.708,0.745,0.779,0.79,0.8029999999999999,0.815,0.82,0.8270000000000001,0.825,0.833,0.838,0.8420000000000001,0.846,0.8490000000000001,0.856,0.8690000000000001,0.871,0.865,0.87,0.871,0.873,0.8740000000000001,0.88,0.883,0.89,0.893,0.893,0.893
Belize,0.495,0.498,0.505,0.512,0.519,0.526,0.5329999999999999,0.54,0.5479999999999999,0.555,0.563,0.57,0.583,0.596,0.608,0.596,0.619,0.626,0.633,0.635,0.644,0.65,0.665,0.665,0.669,0.674,0.696,0.691,0.691
Benin,0.201,0.20800000000000002,0.215,0.222,0.228,0.235,0.24100000000000002,0.248,0.254,0.262,0.273,0.294,0.31,0.321,0.33299999999999996,0.344,0.355,0.366,0.377,0.389,0.4,0.41100000000000003,0.433,0.45399999999999996,0.46,0.473,0.47200000000000003,0.47200000000000003,0.47600000000000003
Bhutan,,,,,,,,,,,,,,,,0.335,0.34700000000000003,0.358,0.369,0.384,0.397,0.408,0.424,0.425,0.434,0.436,0.43700000000000006,0.441,0.441
Bolivia (Plurinational State of),0.528,0.537,0.546,0.555,0.565,0.574,0.581,0.574,0.594,0.616,0.63,0.631,0.6409999999999999,0.644,0.637,0.631,0.635,0.624,0.636,0.639,0.642,0.642,0.644,0.6559999999999999,0.66,0.665,0.675,0.69,0.69
Bosnia and Herzegovina,,,,,,,,,,,0.557,0.565,0.574,0.5820000000000001,0.59,0.599,0.607,0.615,0.623,0.625,0.608,0.626,0.672,0.6829999999999999,0.695,0.687,0.708,0.706,0.706
Botswana,0.461,0.478,0.486,0.493,0.499,0.519,0.531,0.542,0.5589999999999999,0.5770000000000001,0.589,0.597,0.596,0.603,0.608,0.613,0.622,0.625,0.628,0.632,0.636,0.6409999999999999,0.645,0.649,0.653,0.657,0.659,0.664,0.664
Brazil,0.46299999999999997,0.475,0.48700000000000004,0.499,0.511,0.523,0.535,0.547,0.5589999999999999,0.5720000000000001,0.584,0.597,0.61,0.595,0.593,0.593,0.589,0.588,0.608,0.61,0.619,0.622,0.628,0.6679999999999999,0.674,0.677,0.685,0.6890000000000001,0.6890000000000001
Brunei Darussalam,0.588,0.596,0.604,0.613,0.62,0.626,0.629,0.633,0.632,0.642,0.643,0.642,0.6459999999999999,0.6559999999999999,0.667,0.674,0.6779999999999999,0.677,0.677,0.6829999999999999,0.6829999999999999,0.6920000000000001,0.7090000000000001,0.711,0.71,0.705,0.705,0.701,0.703
Bulgaria,0.632,0.637,0.635,0.635,0.635,0.647,0.6629999999999999,0.667,0.6709999999999999,0.6759999999999999,0.677,0.69,0.691,0.705,0.7120000000000001,0.715,0.721,0.738,0.742,0.746,0.7559999999999999,0.76,0.764,0.779,0.7859999999999999,0.8109999999999999,0.812,0.805,0.805
Burkina Faso,,,,,,,,,,,0.139,0.142,0.147,0.151,0.162,0.17300000000000001,0.18100000000000002,0.19399999999999998,0.20800000000000002,0.22,0.23199999999999998,0.245,0.253,0.261,0.264,0.27699999999999997,0.28600000000000003,0.298,0.3
Burundi,0.171,0.17600000000000002,0.172,0.18100000000000002,0.18100000000000002,0.18100000000000002,0.182,0.182,0.183,0.183,0.187,0.18600000000000003,0.19899999999999998,0.214,0.228,0.24,0.28,0.301,0.32299999999999995,0.359,0.376,0.392,0.39899999999999997,0.408,0.419,0.424,0.429,0.413,0.418
Cabo Verde,,,,,,,,,,,0.436,0.435,0.451,0.45399999999999996,0.455,0.46299999999999997,0.48700000000000004,0.49,0.499,0.504,0.513,0.522,0.524,0.5379999999999999,0.5379999999999999,0.54,0.539,0.5379999999999999,0.5379999999999999
Cambodia,0.276,0.28,0.284,0.28800000000000003,0.292,0.297,0.301,0.305,0.31,0.305,0.319,0.337,0.369,0.382,0.392,0.4,0.409,0.424,0.425,0.428,0.444,0.449,0.455,0.46,0.465,0.46799999999999997,0.47200000000000003,0.47600000000000003,0.47600000000000003
Cameroon,0.33899999999999997,0.342,0.34299999999999997,0.344,0.344,0.345,0.34600000000000003,0.34700000000000003,0.359,0.35600000000000004,0.368,0.406,0.405,0.41,0.41200000000000003,0.41100000000000003,0.405,0.428,0.441,0.455,0.382,0.486,0.51,0.519,0.531,0.545,0.5579999999999999,0.564,0.564
Canada,0.8059999999999999,0.818,0.8240000000000001,0.815,0.82,0.8220000000000001,0.825,0.816,0.805,0.805,0.805,0.8140000000000001,0.8220000000000001,0.83,0.8390000000000001,0.847,0.85,0.833,0.835,0.8390000000000001,0.8390000000000001,0.846,0.862,0.868,0.878,0.885,0.89,0.8909999999999999,0.8909999999999999
Central African Republic,0.214,0.207,0.18899999999999997,0.196,0.20199999999999999,0.20800000000000002,0.215,0.222,0.22899999999999998,0.23600000000000002,0.243,0.249,0.256,0.262,0.26899999999999996,0.276,0.282,0.28800000000000003,0.294,0.29600000000000004,0.307,0.317,0.322,0.32899999999999996,0.33399999999999996,0.33899999999999997,0.35200000000000004,0.35200000000000004,0.353
Chad,,,,,,,,,,,0.18,0.188,0.196,0.2,0.203,0.20199999999999999,0.212,0.222,0.23199999999999998,0.24600000000000002,0.249,0.26899999999999996,0.278,0.28600000000000003,0.295,0.28300000000000003,0.278,0.28800000000000003,0.28800000000000003
Chile,0.626,0.638,0.64,0.613,0.62,0.627,0.633,0.64,0.637,0.653,0.6609999999999999,0.684,0.685,0.698,0.715,0.722,0.7190000000000001,0.745,0.76,0.784,0.722,0.7440000000000001,0.7509999999999999,0.774,0.784,0.792,0.8,0.807,0.807
China,0.405,0.41100000000000003,0.42,0.42700000000000005,0.42700000000000005,0.442,0.45,0.457,0.465,0.473,0.48100000000000004,0.488,0.5,0.514,0.522,0.535,0.551,0.565,0.5770000000000001,0.586,0.602,0.61,0.617,0.627,0.633,0.642,0.647,0.647,0.649
Colombia,0.433,0.43799999999999994,0.457,0.466,0.474,0.48,0.498,0.512,0.526,0.529,0.534,0.537,0.54,0.5329999999999999,0.56,0.584,0.593,0.618,0.63,0.639,0.644,0.652,0.647,0.664,0.6659999999999999,0.669,0.68,0.6829999999999999,0.6829999999999999
Comoros,,,,,,,,,,,0.32799999999999996,0.33799999999999997,0.348,0.36200000000000004,0.364,0.376,0.38799999999999996,0.39899999999999997,0.41100000000000003,0.42200000000000004,0.434,0.457,0.465,0.46799999999999997,0.47,0.47100000000000003,0.474,0.47600000000000003,0.47600000000000003
Congo,0.455,0.455,0.457,0.45799999999999996,0.45899999999999996,0.46,0.45899999999999996,0.45799999999999996,0.456,0.455,0.45399999999999996,0.452,0.449,0.445,0.45299999999999996,0.46,0.46799999999999997,0.47600000000000003,0.484,0.49200000000000005,0.5,0.5,0.5,0.511,0.522,0.5329999999999999,0.539,0.539,0.539
Congo (Democratic Republic of the),0.263,0.266,0.27,0.273,0.27699999999999997,0.28,0.285,0.29,0.295,0.3,0.305,0.315,0.324,0.33299999999999996,0.34299999999999997,0.35200000000000004,0.36200000000000004,0.381,0.408,0.419,0.45299999999999996,0.452,0.45299999999999996,0.466,0.484,0.478,0.486,0.495,0.495
Costa Rica,0.505,0.515,0.526,0.534,0.542,0.55,0.5589999999999999,0.5670000000000001,0.5760000000000001,0.584,0.593,0.597,0.601,0.605,0.609,0.613,0.619,0.628,0.642,0.65,0.65,0.682,0.6890000000000001,0.696,0.713,0.71,0.713,0.716,0.716
Croatia,0.498,0.508,0.519,0.529,0.5529999999999999,0.5579999999999999,0.575,0.5920000000000001,0.616,0.639,0.6559999999999999,0.677,0.685,0.693,0.7020000000000001,0.71,0.726,0.7340000000000001,0.738,0.746,0.76,0.7759999999999999,0.7829999999999999,0.794,0.797,0.7959999999999999,0.797,0.7959999999999999,0.7959999999999999
Cuba,0.624,0.626,0.627,0.633,0.619,0.621,0.636,0.64,0.647,0.655,0.6629999999999999,0.67,0.6709999999999999,0.693,0.721,0.736,0.78,0.815,0.838,0.841,0.8240000000000001,0.813,0.773,0.76,0.765,0.768,0.7759999999999999,0.7909999999999999,0.7909999999999999
Cyprus,0.546,0.5529999999999999,0.556,0.644,0.648,0.655,0.662,0.6679999999999999,0.6709999999999999,0.674,0.6759999999999999,0.684,0.701,0.718,0.7240000000000001,0.7290000000000001,0.74,0.755,0.768,0.7809999999999999,0.767,0.7709999999999999,0.777,0.7879999999999999,0.7929999999999999,0.8009999999999999,0.8109999999999999,0.8109999999999999,0.8109999999999999
Czechia,0.609,0.609,0.612,0.626,0.642,0.657,0.685,0.6990000000000001,0.6970000000000001,0.7190000000000001,0.741,0.762,0.777,0.792,0.794,0.809,0.821,0.83,0.836,0.85,0.858,0.863,0.8590000000000001,0.882,0.893,0.8909999999999999,0.892,0.892,0.892
CÃ´te d'Ivoire,0.233,0.23800000000000002,0.243,0.248,0.253,0.259,0.266,0.273,0.273,0.287,0.297,0.305,0.313,0.321,0.32899999999999996,0.336,0.344,0.35200000000000004,0.36,0.368,0.376,0.386,0.39299999999999996,0.39899999999999997,0.389,0.418,0.43700000000000006,0.441,0.441
Denmark,0.69,0.7,0.708,0.723,0.7390000000000001,0.7509999999999999,0.763,0.774,0.784,0.809,0.809,0.8420000000000001,0.858,0.885,0.889,0.895,0.89,0.884,0.897,0.8909999999999999,0.895,0.924,0.925,0.9259999999999999,0.927,0.9179999999999999,0.92,0.92,0.92
Djibouti,,,,,,0.171,0.17300000000000001,0.17800000000000002,0.182,0.18600000000000003,0.188,0.203,0.21100000000000002,0.222,0.23199999999999998,0.245,0.253,0.267,0.278,0.284,0.29600000000000004,0.3,0.308,0.311,0.314,0.315,0.316,0.316,0.313
Dominica,,,,,,,,,,,0.595,0.597,0.599,0.602,0.604,0.606,0.608,0.61,0.612,0.613,0.639,0.639,0.637,0.634,0.631,0.628,0.623,0.62,0.62
Dominican Republic,0.485,0.493,0.501,0.509,0.517,0.525,0.531,0.537,0.542,0.5479999999999999,0.5539999999999999,0.56,0.5660000000000001,0.573,0.579,0.585,0.59,0.595,0.598,0.601,0.606,0.611,0.616,0.619,0.6409999999999999,0.652,0.655,0.657,0.657
Ecuador,0.551,0.5489999999999999,0.5529999999999999,0.557,0.561,0.565,0.5670000000000001,0.57,0.5720000000000001,0.575,0.5770000000000001,0.581,0.586,0.59,0.594,0.598,0.6,0.626,0.627,0.63,0.635,0.695,0.6809999999999999,0.7040000000000001,0.695,0.7170000000000001,0.7140000000000001,0.7140000000000001,0.7140000000000001
Egypt,0.389,0.392,0.4,0.408,0.41600000000000004,0.424,0.433,0.442,0.43799999999999994,0.461,0.46799999999999997,0.47600000000000003,0.484,0.48700000000000004,0.49700000000000005,0.507,0.518,0.529,0.54,0.54,0.551,0.556,0.5710000000000001,0.583,0.586,0.597,0.604,0.605,0.608
El Salvador,0.382,0.384,0.396,0.408,0.42,0.43200000000000005,0.447,0.46299999999999997,0.478,0.479,0.493,0.502,0.514,0.528,0.539,0.551,0.561,0.555,0.557,0.56,0.586,0.57,0.5770000000000001,0.5760000000000001,0.568,0.562,0.564,0.5660000000000001,0.5660000000000001
Equatorial Guinea,,,,,,,,,,,0.402,0.40700000000000003,0.41100000000000003,0.41600000000000004,0.42100000000000004,0.429,0.431,0.433,0.434,0.436,0.43799999999999994,0.43799999999999994,0.439,0.439,0.439,0.44,0.44,0.441,0.441
Eritrea,,,,,,,,,,,,,,,,0.272,0.272,0.271,0.27,0.282,0.27899999999999997,0.26899999999999996,0.271,0.272,0.29,0.27899999999999997,0.27899999999999997,0.26899999999999996,0.26899999999999996
Estonia,0.675,0.6759999999999999,0.6829999999999999,0.6779999999999999,0.69,0.7070000000000001,0.726,0.747,0.768,0.7829999999999999,0.8079999999999999,0.8220000000000001,0.83,0.835,0.841,0.85,0.852,0.856,0.858,0.863,0.872,0.8759999999999999,0.877,0.875,0.87,0.878,0.882,0.8809999999999999,0.8809999999999999
Eswatini (Kingdom of),0.40700000000000003,0.41200000000000003,0.41,0.409,0.41,0.408,0.406,0.401,0.397,0.395,0.38799999999999996,0.38,0.373,0.376,0.40299999999999997,0.426,0.45899999999999996,0.47,0.48100000000000004,0.491,0.501,0.508,0.515,0.522,0.532,0.537,0.541,0.541,0.541
Ethiopia,,,,,,,,,,,0.16899999999999998,0.187,0.2,0.20800000000000002,0.221,0.247,0.264,0.27899999999999997,0.298,0.3,0.305,0.312,0.314,0.32,0.32299999999999995,0.327,0.331,0.335,0.335
Fiji,0.616,0.635,0.647,0.6579999999999999,0.67,0.682,0.6829999999999999,0.684,0.685,0.6859999999999999,0.6859999999999999,0.6859999999999999,0.685,0.684,0.695,0.6970000000000001,0.7040000000000001,0.7140000000000001,0.715,0.723,0.7240000000000001,0.731,0.738,0.743,0.753,0.762,0.758,0.762,0.764
Finland,0.6659999999999999,0.68,0.703,0.7140000000000001,0.731,0.741,0.752,0.762,0.775,0.787,0.8029999999999999,0.8140000000000001,0.8170000000000001,0.82,0.871,0.8759999999999999,0.878,0.8740000000000001,0.879,0.8740000000000001,0.879,0.884,0.887,0.909,0.9129999999999999,0.914,0.915,0.915,0.915
France,0.631,0.653,0.669,0.682,0.715,0.728,0.737,0.742,0.747,0.755,0.743,0.7440000000000001,0.742,0.748,0.75,0.769,0.774,0.775,0.7759999999999999,0.778,0.7829999999999999,0.787,0.792,0.8009999999999999,0.8109999999999999,0.812,0.809,0.8109999999999999,0.8109999999999999
Gabon,0.473,0.48,0.48700000000000004,0.494,0.501,0.509,0.516,0.523,0.531,0.5379999999999999,0.545,0.551,0.557,0.563,0.569,0.575,0.58,0.585,0.589,0.594,0.599,0.604,0.608,0.612,0.618,0.623,0.628,0.633,0.636
Gambia,0.183,0.188,0.19399999999999998,0.19899999999999998,0.205,0.21,0.21899999999999997,0.228,0.23600000000000002,0.245,0.254,0.264,0.27399999999999997,0.284,0.293,0.303,0.314,0.324,0.33299999999999996,0.335,0.335,0.337,0.345,0.35700000000000004,0.36200000000000004,0.36700000000000005,0.373,0.376,0.386
Georgia,,,,,,,,,,,0.7170000000000001,0.721,0.7240000000000001,0.731,0.74,0.753,0.752,0.77,0.7609999999999999,0.775,0.777,0.779,0.79,0.804,0.816,0.831,0.845,0.856,0.856
Germany,0.6920000000000001,0.705,0.715,0.74,0.75,0.759,0.767,0.775,0.794,0.81,0.825,0.84,0.856,0.871,0.894,0.893,0.9109999999999999,0.915,0.919,0.9229999999999999,0.925,0.93,0.9329999999999999,0.9309999999999999,0.9359999999999999,0.94,0.946,0.946,0.946
Ghana,0.375,0.381,0.386,0.391,0.397,0.402,0.405,0.409,0.41100000000000003,0.41600000000000004,0.42700000000000005,0.419,0.42700000000000005,0.423,0.43700000000000006,0.45399999999999996,0.469,0.49200000000000005,0.511,0.516,0.526,0.5329999999999999,0.541,0.5479999999999999,0.54,0.555,0.557,0.555,0.5589999999999999
Greece,0.607,0.624,0.623,0.619,0.626,0.627,0.632,0.639,0.659,0.659,0.672,0.69,0.7140000000000001,0.7240000000000001,0.742,0.768,0.775,0.764,0.785,0.794,0.7929999999999999,0.795,0.805,0.812,0.831,0.833,0.8240000000000001,0.833,0.833
Grenada,,,,,,,,,,,,,0.654,0.662,0.67,0.6779999999999999,0.687,0.695,0.703,0.711,0.7190000000000001,0.726,0.733,0.74,0.747,0.754,0.758,0.75,0.755
Guatemala,0.284,0.289,0.294,0.3,0.304,0.311,0.32,0.33,0.33899999999999997,0.349,0.358,0.368,0.379,0.382,0.386,0.39,0.40299999999999997,0.41600000000000004,0.423,0.43,0.43700000000000006,0.44299999999999995,0.45,0.45299999999999996,0.51,0.512,0.511,0.511,0.511
Guinea,0.121,0.125,0.129,0.132,0.13699999999999998,0.142,0.147,0.158,0.16899999999999998,0.18,0.191,0.203,0.214,0.19399999999999998,0.23600000000000002,0.251,0.265,0.272,0.281,0.28,0.28800000000000003,0.309,0.322,0.33299999999999996,0.34,0.34,0.34,0.34,0.34
Guinea-Bissau,,,,,,,,,,,,,,,,0.311,0.325,0.33399999999999996,0.345,0.354,0.361,0.371,0.377,0.384,0.397,0.39899999999999997,0.401,0.402,0.402
Guyana,0.507,0.512,0.517,0.523,0.528,0.5329999999999999,0.539,0.545,0.55,0.556,0.561,0.565,0.568,0.5539999999999999,0.561,0.57,0.565,0.561,0.565,0.565,0.575,0.591,0.591,0.593,0.597,0.598,0.6,0.601,0.601
Haiti,0.28800000000000003,0.294,0.299,0.305,0.31,0.316,0.322,0.32799999999999996,0.33299999999999996,0.33899999999999997,0.345,0.35100000000000003,0.35600000000000004,0.36200000000000004,0.368,0.373,0.37799999999999995,0.384,0.389,0.39399999999999996,0.39899999999999997,0.40700000000000003,0.41100000000000003,0.41700000000000004,0.424,0.43,0.43700000000000006,0.445,0.445
Honduras,0.355,0.35700000000000004,0.36200000000000004,0.36700000000000005,0.374,0.381,0.389,0.396,0.40299999999999997,0.41100000000000003,0.418,0.426,0.434,0.442,0.449,0.457,0.465,0.474,0.461,0.469,0.47700000000000004,0.48,0.474,0.478,0.484,0.494,0.501,0.503,0.503
"Hong Kong, China (SAR)",0.64,0.645,0.65,0.655,0.66,0.665,0.669,0.6729999999999999,0.677,0.682,0.6859999999999999,0.701,0.716,0.731,0.747,0.762,0.7809999999999999,0.7829999999999999,0.7979999999999999,0.807,0.8079999999999999,0.807,0.8240000000000001,0.83,0.846,0.85,0.855,0.86,0.86
Hungary,0.598,0.609,0.623,0.653,0.6829999999999999,0.701,0.71,0.706,0.715,0.727,0.736,0.7490000000000001,0.758,0.773,0.77,0.778,0.795,0.8009999999999999,0.8079999999999999,0.826,0.83,0.813,0.818,0.8340000000000001,0.821,0.818,0.815,0.816,0.816
Iceland,0.6779999999999999,0.71,0.722,0.721,0.731,0.738,0.742,0.758,0.774,0.778,0.789,0.7959999999999999,0.813,0.8270000000000001,0.828,0.835,0.838,0.8420000000000001,0.846,0.8490000000000001,0.853,0.868,0.883,0.898,0.9059999999999999,0.9059999999999999,0.912,0.912,0.9179999999999999
India,0.311,0.317,0.324,0.331,0.33799999999999997,0.344,0.35100000000000003,0.358,0.365,0.37200000000000005,0.379,0.382,0.39,0.409,0.419,0.429,0.441,0.452,0.46399999999999997,0.466,0.478,0.491,0.505,0.514,0.53,0.54,0.555,0.5579999999999999,0.5579999999999999
Indonesia,0.389,0.391,0.39399999999999996,0.39799999999999996,0.409,0.42,0.441,0.467,0.485,0.504,0.518,0.524,0.5329999999999999,0.5429999999999999,0.551,0.552,0.5670000000000001,0.5589999999999999,0.5589999999999999,0.579,0.586,0.598,0.607,0.614,0.615,0.62,0.623,0.625,0.625
Iran (Islamic Republic of),0.397,0.414,0.43200000000000005,0.449,0.466,0.483,0.493,0.504,0.514,0.524,0.53,0.544,0.546,0.55,0.546,0.552,0.633,0.631,0.64,0.6509999999999999,0.662,0.684,0.731,0.738,0.738,0.7390000000000001,0.747,0.743,0.743
Iraq,0.373,0.377,0.38,0.384,0.387,0.39,0.39299999999999996,0.396,0.39799999999999996,0.401,0.41100000000000003,0.426,0.441,0.456,0.47100000000000003,0.478,0.483,0.488,0.493,0.498,0.503,0.511,0.506,0.501,0.501,0.506,0.51,0.542,0.5539999999999999
Ireland,0.66,0.665,0.675,0.693,0.703,0.71,0.7140000000000001,0.723,0.7979999999999999,0.809,0.818,0.8270000000000001,0.84,0.851,0.8640000000000001,0.87,0.866,0.87,0.88,0.877,0.857,0.862,0.877,0.893,0.91,0.91,0.9179999999999999,0.9179999999999999,0.9179999999999999
Israel,0.7140000000000001,0.7290000000000001,0.74,0.75,0.757,0.763,0.769,0.7859999999999999,0.8029999999999999,0.82,0.82,0.8270000000000001,0.8490000000000001,0.848,0.846,0.847,0.838,0.855,0.851,0.855,0.86,0.867,0.87,0.87,0.875,0.875,0.8740000000000001,0.8759999999999999,0.8759999999999999
Italy,0.599,0.609,0.62,0.631,0.647,0.6559999999999999,0.665,0.6779999999999999,0.6859999999999999,0.6940000000000001,0.7,0.7120000000000001,0.722,0.733,0.741,0.748,0.757,0.765,0.7709999999999999,0.774,0.778,0.787,0.787,0.785,0.7879999999999999,0.7879999999999999,0.79,0.7929999999999999,0.7929999999999999
Jamaica,0.509,0.513,0.519,0.524,0.529,0.534,0.54,0.545,0.55,0.555,0.5479999999999999,0.5760000000000001,0.586,0.569,0.611,0.618,0.625,0.645,0.6970000000000001,0.6940000000000001,0.691,0.6890000000000001,0.685,0.6809999999999999,0.6809999999999999,0.687,0.687,0.6920000000000001,0.6920000000000001
Japan,0.691,0.6970000000000001,0.7020000000000001,0.715,0.728,0.735,0.74,0.745,0.741,0.747,0.754,0.759,0.764,0.768,0.774,0.779,0.785,0.7879999999999999,0.792,0.7959999999999999,0.802,0.813,0.823,0.83,0.838,0.8390000000000001,0.846,0.848,0.85
Jordan,0.496,0.527,0.561,0.588,0.613,0.644,0.65,0.655,0.66,0.6659999999999999,0.6709999999999999,0.679,0.6659999999999999,0.675,0.6809999999999999,0.705,0.7040000000000001,0.7040000000000001,0.7040000000000001,0.6970000000000001,0.685,0.68,0.685,0.669,0.672,0.674,0.6759999999999999,0.6759999999999999,0.6779999999999999
Kazakhstan,0.613,0.619,0.627,0.63,0.633,0.642,0.6509999999999999,0.66,0.669,0.6779999999999999,0.6920000000000001,0.711,0.73,0.75,0.769,0.789,0.795,0.7929999999999999,0.79,0.7859999999999999,0.7809999999999999,0.7909999999999999,0.8009999999999999,0.802,0.8059999999999999,0.8059999999999999,0.809,0.813,0.8170000000000001
Kenya,0.376,0.379,0.38299999999999995,0.386,0.39,0.39299999999999996,0.396,0.39899999999999997,0.402,0.405,0.40700000000000003,0.414,0.41200000000000003,0.434,0.451,0.455,0.47600000000000003,0.475,0.484,0.494,0.498,0.501,0.505,0.508,0.51,0.513,0.518,0.523,0.526
Kiribati,,,,,,,,,,,0.516,0.556,0.556,0.581,0.578,0.581,0.575,0.575,0.585,0.588,0.593,0.593,0.594,0.594,0.595,0.583,0.59,0.59,0.59
Korea (Republic of),0.6759999999999999,0.6859999999999999,0.6940000000000001,0.7070000000000001,0.723,0.737,0.7509999999999999,0.772,0.768,0.778,0.787,0.794,0.8,0.81,0.821,0.831,0.838,0.847,0.851,0.8370000000000001,0.856,0.862,0.86,0.861,0.862,0.862,0.862,0.862,0.862
Kuwait,0.47600000000000003,0.429,0.382,0.41700000000000004,0.46399999999999997,0.515,0.5660000000000001,0.5720000000000001,0.583,0.595,0.595,0.5920000000000001,0.598,0.603,0.598,0.583,0.594,0.5920000000000001,0.595,0.596,0.599,0.601,0.608,0.601,0.605,0.62,0.623,0.625,0.625
Kyrgyzstan,0.619,0.616,0.615,0.609,0.6,0.597,0.603,0.612,0.626,0.6459999999999999,0.657,0.669,0.674,0.6829999999999999,0.6829999999999999,0.687,0.693,0.6940000000000001,0.69,0.693,0.6970000000000001,0.6970000000000001,0.71,0.721,0.728,0.73,0.735,0.7340000000000001,0.7340000000000001
Lao People's Democratic Republic,0.28800000000000003,0.294,0.299,0.304,0.315,0.309,0.32799999999999996,0.336,0.345,0.35,0.35200000000000004,0.354,0.364,0.375,0.382,0.39,0.395,0.402,0.41,0.42,0.429,0.447,0.45899999999999996,0.47100000000000003,0.47700000000000004,0.484,0.485,0.485,0.48100000000000004
Latvia,0.604,0.61,0.613,0.609,0.609,0.619,0.631,0.645,0.6659999999999999,0.688,0.7070000000000001,0.742,0.769,0.795,0.8220000000000001,0.841,0.845,0.85,0.857,0.852,0.85,0.848,0.843,0.8590000000000001,0.856,0.863,0.865,0.867,0.871
Lebanon,,,,,,,,,,,,,,,,0.619,0.61,0.623,0.627,0.633,0.631,0.637,0.619,0.616,0.598,0.593,0.588,0.604,0.604
Lesotho,0.415,0.418,0.419,0.413,0.424,0.43,0.429,0.429,0.429,0.428,0.45,0.456,0.46,0.469,0.47100000000000003,0.473,0.475,0.48200000000000004,0.48,0.498,0.49200000000000005,0.498,0.505,0.499,0.502,0.498,0.499,0.51,0.51
Liberia,,,,,,,,,,0.354,0.408,0.40700000000000003,0.406,0.406,0.405,0.40399999999999997,0.40299999999999997,0.40299999999999997,0.402,0.401,0.4,0.428,0.414,0.42,0.42100000000000004,0.415,0.41700000000000004,0.42200000000000004,0.42200000000000004
Libya,0.516,0.527,0.537,0.5479999999999999,0.5579999999999999,0.568,0.579,0.589,0.6,0.61,0.621,0.631,0.642,0.6459999999999999,0.644,0.642,0.64,0.639,0.637,0.635,0.634,0.625,0.616,0.613,0.609,0.606,0.602,0.607,0.607
Liechtenstein,,,,,,,,,,,0.716,0.728,0.7390000000000001,0.7509999999999999,0.763,0.767,0.775,0.782,0.7959999999999999,0.795,0.807,0.8190000000000001,0.8270000000000001,0.8240000000000001,0.818,0.82,0.8270000000000001,0.8270000000000001,0.8270000000000001
Lithuania,0.655,0.6579999999999999,0.6509999999999999,0.647,0.65,0.6609999999999999,0.679,0.6990000000000001,0.718,0.74,0.758,0.78,0.799,0.82,0.8290000000000001,0.8490000000000001,0.862,0.867,0.873,0.852,0.8540000000000001,0.86,0.855,0.857,0.878,0.883,0.887,0.89,0.89
Luxembourg,0.602,0.61,0.618,0.625,0.633,0.639,0.657,0.6679999999999999,0.684,0.7120000000000001,0.7170000000000001,0.725,0.7340000000000001,0.7390000000000001,0.746,0.752,0.759,0.7659999999999999,0.767,0.774,0.78,0.78,0.779,0.778,0.7829999999999999,0.7879999999999999,0.7979999999999999,0.802,0.802
Madagascar,,,,,,,,,,,0.39899999999999997,0.40399999999999997,0.41200000000000003,0.42,0.428,0.43799999999999994,0.44299999999999995,0.45299999999999996,0.465,0.48100000000000004,0.484,0.484,0.489,0.49200000000000005,0.494,0.498,0.494,0.494,0.493
Malawi,0.231,0.239,0.271,0.28,0.29,0.385,0.381,0.387,0.392,0.395,0.37799999999999995,0.38799999999999996,0.38799999999999996,0.387,0.375,0.373,0.381,0.38299999999999995,0.406,0.42100000000000004,0.428,0.433,0.436,0.45,0.456,0.457,0.455,0.455,0.45899999999999996
Malaysia,0.488,0.499,0.511,0.518,0.527,0.536,0.555,0.574,0.594,0.603,0.619,0.613,0.611,0.62,0.621,0.608,0.615,0.64,0.664,0.6759999999999999,0.687,0.6940000000000001,0.696,0.701,0.708,0.713,0.7190000000000001,0.713,0.713
Maldives,,,,,,0.354,0.368,0.384,0.401,0.419,0.43,0.43799999999999994,0.435,0.451,0.451,0.451,0.45799999999999996,0.461,0.47,0.47700000000000004,0.494,0.513,0.525,0.532,0.546,0.5589999999999999,0.563,0.564,0.564
Mali,0.081,0.085,0.091,0.098,0.106,0.114,0.12300000000000001,0.136,0.146,0.159,0.168,0.179,0.191,0.203,0.214,0.226,0.237,0.222,0.26,0.27,0.27699999999999997,0.28300000000000003,0.284,0.27899999999999997,0.285,0.27399999999999997,0.284,0.29,0.29
Malta,0.605,0.61,0.614,0.618,0.62,0.622,0.625,0.631,0.6459999999999999,0.647,0.648,0.657,0.662,0.6779999999999999,0.7,0.737,0.7290000000000001,0.7340000000000001,0.733,0.7440000000000001,0.769,0.763,0.777,0.789,0.7979999999999999,0.81,0.818,0.818,0.818
Marshall Islands,,,,,,,,,,,,,,,,,,,,,,,,,,,,0.7070000000000001,0.7070000000000001
Mauritania,0.17800000000000002,0.184,0.195,0.212,0.23399999999999999,0.24,0.249,0.253,0.266,0.27399999999999997,0.27899999999999997,0.282,0.28600000000000003,0.29100000000000004,0.307,0.311,0.319,0.318,0.317,0.33299999999999996,0.33799999999999997,0.344,0.359,0.371,0.381,0.385,0.37799999999999995,0.385,0.389
Mauritius,0.48100000000000004,0.489,0.49700000000000005,0.504,0.512,0.52,0.524,0.527,0.535,0.542,0.546,0.561,0.569,0.583,0.595,0.614,0.623,0.632,0.642,0.655,0.664,0.6809999999999999,0.6990000000000001,0.7070000000000001,0.7290000000000001,0.721,0.728,0.727,0.73
Mexico,0.48,0.48100000000000004,0.48700000000000004,0.491,0.5,0.51,0.517,0.523,0.532,0.5379999999999999,0.5479999999999999,0.5539999999999999,0.5660000000000001,0.579,0.588,0.595,0.611,0.613,0.619,0.627,0.623,0.638,0.65,0.648,0.655,0.6659999999999999,0.6779999999999999,0.6779999999999999,0.684
Micronesia (Federated States of),,,,,,,,,,,0.441,0.45299999999999996,0.465,0.478,0.49,0.503,0.515,0.527,0.54,0.541,0.55,0.5539999999999999,0.556,0.5579999999999999,0.561,0.56,0.5670000000000001,0.574,0.578
Moldova (Republic of),0.598,0.597,0.596,0.595,0.594,0.593,0.586,0.59,0.603,0.615,0.617,0.623,0.638,0.652,0.6659999999999999,0.6759999999999999,0.69,0.7,0.698,0.6970000000000001,0.696,0.6990000000000001,0.7090000000000001,0.716,0.713,0.7090000000000001,0.7070000000000001,0.708,0.708
Mongolia,0.539,0.527,0.504,0.474,0.473,0.474,0.486,0.495,0.508,0.518,0.534,0.557,0.57,0.593,0.612,0.639,0.652,0.6679999999999999,0.685,0.701,0.721,0.7340000000000001,0.738,0.742,0.746,0.752,0.731,0.7340000000000001,0.7340000000000001
Montenegro,,,,,,,,,,,,,,0.693,0.705,0.718,0.7340000000000001,0.7509999999999999,0.767,0.78,0.787,0.7879999999999999,0.789,0.79,0.7909999999999999,0.792,0.794,0.797,0.797
Morocco,0.254,0.257,0.264,0.27399999999999997,0.285,0.295,0.303,0.311,0.317,0.332,0.349,0.36200000000000004,0.37799999999999995,0.391,0.401,0.409,0.41200000000000003,0.42200000000000004,0.429,0.43700000000000006,0.449,0.46299999999999997,0.48,0.495,0.511,0.518,0.5379999999999999,0.547,0.547
Mozambique,0.131,0.133,0.134,0.139,0.147,0.159,0.177,0.191,0.20600000000000002,0.22,0.23600000000000002,0.253,0.268,0.282,0.298,0.318,0.32799999999999996,0.34700000000000003,0.36,0.366,0.373,0.344,0.345,0.364,0.36700000000000005,0.373,0.381,0.389,0.389
Myanmar,0.251,0.268,0.28600000000000003,0.29100000000000004,0.29600000000000004,0.29600000000000004,0.301,0.305,0.31,0.315,0.319,0.324,0.32899999999999996,0.33399999999999996,0.33899999999999997,0.344,0.35,0.359,0.37,0.381,0.392,0.40700000000000003,0.41700000000000004,0.42700000000000005,0.431,0.436,0.44,0.444,0.452
Namibia,0.495,0.496,0.508,0.52,0.532,0.528,0.523,0.517,0.514,0.506,0.51,0.521,0.517,0.52,0.518,0.516,0.513,0.519,0.521,0.528,0.5379999999999999,0.5489999999999999,0.557,0.562,0.565,0.569,0.5710000000000001,0.581,0.5820000000000001
Nepal,0.276,0.28300000000000003,0.29100000000000004,0.293,0.295,0.299,0.31,0.315,0.32,0.325,0.33,0.322,0.341,0.34600000000000003,0.353,0.359,0.375,0.381,0.395,0.41600000000000004,0.44299999999999995,0.451,0.475,0.484,0.488,0.495,0.502,0.495,0.501
Netherlands,0.746,0.7559999999999999,0.7559999999999999,0.764,0.8290000000000001,0.815,0.8220000000000001,0.8140000000000001,0.815,0.813,0.821,0.8290000000000001,0.8240000000000001,0.8320000000000001,0.835,0.8440000000000001,0.851,0.862,0.866,0.865,0.871,0.8959999999999999,0.895,0.899,0.902,0.903,0.9059999999999999,0.9059999999999999,0.9059999999999999
New Zealand,0.787,0.797,0.807,0.8290000000000001,0.846,0.8540000000000001,0.858,0.867,0.8690000000000001,0.8640000000000001,0.8690000000000001,0.872,0.887,0.888,0.888,0.888,0.89,0.892,0.894,0.897,0.899,0.9009999999999999,0.903,0.905,0.907,0.914,0.919,0.9229999999999999,0.9229999999999999
Nicaragua,0.349,0.366,0.375,0.38299999999999995,0.39,0.39799999999999996,0.41,0.42200000000000004,0.433,0.445,0.457,0.46799999999999997,0.479,0.48200000000000004,0.485,0.488,0.491,0.498,0.506,0.513,0.52,0.524,0.529,0.536,0.5529999999999999,0.555,0.562,0.5660000000000001,0.5660000000000001
Niger,0.08199999999999999,0.084,0.086,0.09,0.09300000000000001,0.09699999999999999,0.10099999999999999,0.105,0.109,0.11199999999999999,0.11599999999999999,0.12,0.124,0.126,0.13699999999999998,0.14400000000000002,0.149,0.154,0.162,0.17,0.18,0.18899999999999997,0.2,0.209,0.217,0.226,0.233,0.245,0.247
Nigeria,,,,,,,,,,,,,,0.41100000000000003,0.424,0.426,0.428,0.431,0.435,0.43799999999999994,0.40700000000000003,0.424,0.43700000000000006,0.475,0.47100000000000003,0.474,0.475,0.486,0.486
North Macedonia,,,,,,,,,,,0.544,0.557,0.569,0.581,0.593,0.608,0.616,0.624,0.653,0.657,0.662,0.667,0.67,0.6729999999999999,0.6759999999999999,0.6890000000000001,0.695,0.6970000000000001,0.6970000000000001
Norway,0.772,0.782,0.792,0.8079999999999999,0.8390000000000001,0.825,0.8320000000000001,0.84,0.867,0.8759999999999999,0.888,0.878,0.88,0.892,0.912,0.9009999999999999,0.9059999999999999,0.907,0.905,0.905,0.912,0.914,0.907,0.915,0.907,0.912,0.9179999999999999,0.919,0.919
Oman,,,,,,,,,,,0.475,0.49200000000000005,0.51,0.531,0.5429999999999999,0.5529999999999999,0.562,0.5770000000000001,0.614,0.627,0.635,0.647,0.664,0.6809999999999999,0.6940000000000001,0.7170000000000001,0.732,0.732,0.732
Pakistan,0.205,0.21,0.215,0.221,0.226,0.23199999999999998,0.237,0.243,0.248,0.254,0.259,0.27,0.28,0.29,0.311,0.33,0.335,0.34700000000000003,0.349,0.359,0.365,0.37,0.376,0.38,0.395,0.39799999999999996,0.40700000000000003,0.40700000000000003,0.40700000000000003
Palau,,,,,,,,,,,0.7609999999999999,0.762,0.763,0.765,0.7659999999999999,0.767,0.773,0.779,0.784,0.79,0.795,0.8009999999999999,0.8029999999999999,0.882,0.863,0.8290000000000001,0.838,0.847,0.845
"Palestine, State of",,,,,,,,,,,,,,,0.607,0.611,0.62,0.639,0.644,0.6509999999999999,0.655,0.66,0.667,0.654,0.655,0.657,0.657,0.66,0.66
Panama,0.5379999999999999,0.5429999999999999,0.552,0.562,0.565,0.5770000000000001,0.586,0.596,0.607,0.617,0.627,0.637,0.645,0.6509999999999999,0.655,0.6579999999999999,0.6609999999999999,0.665,0.6629999999999999,0.665,0.665,0.662,0.6679999999999999,0.674,0.6809999999999999,0.6809999999999999,0.6920000000000001,0.6970000000000001,0.6970000000000001
Papua New Guinea,0.207,0.214,0.221,0.228,0.225,0.24100000000000002,0.25,0.259,0.268,0.273,0.284,0.29600000000000004,0.306,0.316,0.33,0.34,0.353,0.36700000000000005,0.375,0.389,0.405,0.419,0.391,0.425,0.42,0.429,0.429,0.43,0.43200000000000005
Paraguay,0.431,0.442,0.451,0.46299999999999997,0.47100000000000003,0.48,0.488,0.499,0.509,0.52,0.524,0.546,0.568,0.57,0.579,0.581,0.569,0.568,0.5820000000000001,0.5760000000000001,0.599,0.604,0.605,0.624,0.624,0.635,0.631,0.634,0.634
Peru,0.551,0.556,0.555,0.5579999999999999,0.568,0.581,0.586,0.59,0.613,0.636,0.636,0.655,0.6459999999999999,0.636,0.647,0.653,0.635,0.642,0.653,0.6559999999999999,0.652,0.6779999999999999,0.6659999999999999,0.674,0.696,0.684,0.691,0.691,0.6920000000000001
Philippines,0.519,0.523,0.527,0.53,0.5329999999999999,0.536,0.5489999999999999,0.552,0.556,0.565,0.568,0.573,0.584,0.589,0.611,0.611,0.61,0.619,0.624,0.615,0.622,0.633,0.644,0.655,0.6609999999999999,0.665,0.6629999999999999,0.667,0.667
Poland,0.665,0.6709999999999999,0.6759999999999999,0.698,0.71,0.713,0.723,0.741,0.7559999999999999,0.77,0.777,0.787,0.804,0.8109999999999999,0.7959999999999999,0.804,0.8079999999999999,0.8109999999999999,0.815,0.8220000000000001,0.8320000000000001,0.833,0.8170000000000001,0.853,0.8490000000000001,0.855,0.866,0.866,0.866
Portugal,0.536,0.55,0.573,0.606,0.621,0.632,0.644,0.652,0.6609999999999999,0.652,0.6609999999999999,0.669,0.67,0.677,0.6729999999999999,0.677,0.6809999999999999,0.691,0.701,0.7070000000000001,0.715,0.7240000000000001,0.733,0.7509999999999999,0.755,0.757,0.759,0.759,0.759
Qatar,0.507,0.503,0.502,0.523,0.545,0.562,0.588,0.596,0.604,0.611,0.613,0.616,0.625,0.642,0.6459999999999999,0.657,0.648,0.652,0.6629999999999999,0.657,0.637,0.662,0.672,0.688,0.679,0.67,0.6609999999999999,0.6609999999999999,0.6609999999999999
Romania,0.632,0.609,0.6,0.597,0.598,0.606,0.622,0.628,0.634,0.648,0.654,0.657,0.667,0.6829999999999999,0.703,0.716,0.733,0.7559999999999999,0.777,0.7859999999999999,0.7829999999999999,0.777,0.763,0.767,0.765,0.767,0.762,0.762,0.762
Russian Federation,0.6629999999999999,0.664,0.662,0.6579999999999999,0.6559999999999999,0.662,0.674,0.682,0.6940000000000001,0.705,0.7240000000000001,0.735,0.746,0.757,0.76,0.762,0.764,0.767,0.77,0.763,0.772,0.7829999999999999,0.7929999999999999,0.802,0.8059999999999999,0.821,0.826,0.8320000000000001,0.8320000000000001
Rwanda,0.218,0.222,0.226,0.23,0.235,0.239,0.244,0.248,0.243,0.262,0.276,0.282,0.29600000000000004,0.316,0.337,0.354,0.381,0.395,0.39399999999999996,0.41600000000000004,0.43700000000000006,0.44,0.44299999999999995,0.44,0.445,0.434,0.45,0.45299999999999996,0.457
Saint Kitts and Nevis,,,,,,,,,,,,,,,,0.5529999999999999,0.564,0.575,0.603,0.609,0.622,0.627,0.616,0.657,0.6579999999999999,0.654,0.6579999999999999,0.6579999999999999,0.6609999999999999
Saint Lucia,,,,,,,,,,,0.593,0.5920000000000001,0.5920000000000001,0.591,0.584,0.594,0.608,0.607,0.628,0.637,0.644,0.653,0.6409999999999999,0.627,0.64,0.664,0.675,0.6679999999999999,0.6679999999999999
Saint Vincent and the Grenadines,,,,,,,,,,,0.606,0.613,0.616,0.626,0.629,0.636,0.639,0.642,0.654,0.652,0.6509999999999999,0.6579999999999999,0.652,0.6559999999999999,0.65,0.653,0.6629999999999999,0.664,0.664
Samoa,0.5770000000000001,0.5820000000000001,0.588,0.593,0.598,0.604,0.609,0.61,0.619,0.627,0.627,0.632,0.637,0.642,0.654,0.6579999999999999,0.662,0.6659999999999999,0.6659999999999999,0.677,0.6920000000000001,0.6970000000000001,0.6940000000000001,0.6970000000000001,0.7,0.698,0.698,0.701,0.701
Sao Tome and Principe,0.32299999999999995,0.331,0.33899999999999997,0.34700000000000003,0.355,0.363,0.371,0.379,0.386,0.39399999999999996,0.402,0.408,0.413,0.418,0.426,0.433,0.43700000000000006,0.441,0.436,0.45299999999999996,0.455,0.466,0.47600000000000003,0.489,0.5,0.532,0.534,0.557,0.5670000000000001
Saudi Arabia,0.489,0.495,0.502,0.508,0.515,0.522,0.529,0.535,0.542,0.5489999999999999,0.555,0.563,0.5720000000000001,0.58,0.594,0.604,0.619,0.634,0.649,0.664,0.691,0.7190000000000001,0.747,0.77,0.787,0.794,0.794,0.794,0.794
Senegal,0.198,0.198,0.19899999999999998,0.2,0.201,0.20199999999999999,0.203,0.204,0.20600000000000002,0.20800000000000002,0.213,0.235,0.242,0.249,0.257,0.264,0.268,0.278,0.29,0.294,0.301,0.32,0.33299999999999996,0.34,0.348,0.349,0.348,0.349,0.35200000000000004
Serbia,0.61,0.618,0.626,0.633,0.6409999999999999,0.648,0.654,0.66,0.6659999999999999,0.6709999999999999,0.677,0.684,0.684,0.693,0.7,0.713,0.716,0.716,0.7240000000000001,0.726,0.722,0.7440000000000001,0.741,0.7440000000000001,0.7559999999999999,0.7659999999999999,0.775,0.779,0.7829999999999999
Seychelles,,,,,,,,,,,0.588,0.5760000000000001,0.588,0.595,0.5920000000000001,0.621,0.585,0.64,0.6559999999999999,0.669,0.684,0.655,0.71,0.7170000000000001,0.754,0.763,0.7609999999999999,0.752,0.752
Sierra Leone,0.19,0.184,0.19399999999999998,0.203,0.213,0.223,0.23199999999999998,0.242,0.251,0.26,0.27,0.27899999999999997,0.287,0.295,0.303,0.311,0.318,0.326,0.33399999999999996,0.342,0.349,0.35700000000000004,0.364,0.37200000000000005,0.374,0.382,0.387,0.39899999999999997,0.40299999999999997
Singapore,0.488,0.503,0.519,0.535,0.551,0.5660000000000001,0.583,0.6,0.616,0.633,0.649,0.657,0.67,0.6809999999999999,0.688,0.735,0.7290000000000001,0.735,0.75,0.753,0.795,0.8029999999999999,0.816,0.818,0.828,0.828,0.836,0.8370000000000001,0.8370000000000001
Slovakia,0.679,0.6859999999999999,0.693,0.6990000000000001,0.706,0.7140000000000001,0.713,0.708,0.716,0.713,0.7120000000000001,0.7070000000000001,0.718,0.7290000000000001,0.74,0.753,0.765,0.779,0.7879999999999999,0.795,0.802,0.818,0.8240000000000001,0.823,0.821,0.823,0.8220000000000001,0.8240000000000001,0.8240000000000001
Slovenia,0.696,0.6990000000000001,0.7090000000000001,0.708,0.7140000000000001,0.7240000000000001,0.732,0.7440000000000001,0.7609999999999999,0.7879999999999999,0.795,0.818,0.831,0.843,0.852,0.8540000000000001,0.862,0.862,0.868,0.873,0.878,0.878,0.8590000000000001,0.8809999999999999,0.8759999999999999,0.875,0.885,0.893,0.893
Solomon Islands,,,,,,,,,,0.35,0.336,0.35700000000000004,0.377,0.38299999999999995,0.38799999999999996,0.39399999999999996,0.413,0.42100000000000004,0.426,0.43200000000000005,0.467,0.47100000000000003,0.46799999999999997,0.467,0.466,0.46799999999999997,0.465,0.469,0.469
South Africa,0.532,0.552,0.581,0.603,0.617,0.636,0.639,0.643,0.6459999999999999,0.649,0.652,0.609,0.644,0.6509999999999999,0.653,0.655,0.6559999999999999,0.66,0.6809999999999999,0.6940000000000001,0.696,0.674,0.685,0.695,0.705,0.72,0.721,0.721,0.721
South Sudan,,,,,,,,,,,,,,,,,,,,,0.297,0.33299999999999996,0.325,0.317,0.309,0.301,0.301,0.301,0.301
Spain,0.591,0.609,0.627,0.6509999999999999,0.6709999999999999,0.687,0.6970000000000001,0.701,0.7040000000000001,0.7090000000000001,0.715,0.716,0.7170000000000001,0.72,0.725,0.738,0.7440000000000001,0.7509999999999999,0.758,0.764,0.78,0.7929999999999999,0.8,0.804,0.813,0.8190000000000001,0.8220000000000001,0.8240000000000001,0.8240000000000001
Sri Lanka,0.5920000000000001,0.6,0.608,0.606,0.625,0.633,0.642,0.652,0.6609999999999999,0.67,0.679,0.6890000000000001,0.6920000000000001,0.698,0.7040000000000001,0.71,0.716,0.721,0.738,0.738,0.7390000000000001,0.743,0.7440000000000001,0.747,0.7490000000000001,0.7509999999999999,0.7490000000000001,0.7490000000000001,0.7559999999999999
Sudan,0.159,0.16699999999999998,0.175,0.183,0.191,0.198,0.20600000000000002,0.214,0.222,0.23,0.23800000000000002,0.244,0.249,0.255,0.268,0.27399999999999997,0.28300000000000003,0.282,0.298,0.305,0.306,0.301,0.311,0.32299999999999995,0.327,0.33299999999999996,0.336,0.337,0.33899999999999997
Suriname,,,,,,,,,,,,,,,0.57,0.5720000000000001,0.5760000000000001,0.579,0.583,0.593,0.595,0.61,0.634,0.64,0.642,0.6579999999999999,0.659,0.6609999999999999,0.6609999999999999
Sweden,0.71,0.715,0.725,0.779,0.794,0.807,0.821,0.845,0.8740000000000001,0.878,0.8809999999999999,0.883,0.8859999999999999,0.894,0.852,0.853,0.8540000000000001,0.8540000000000001,0.843,0.845,0.853,0.851,0.8540000000000001,0.907,0.909,0.912,0.914,0.914,0.914
Switzerland,0.695,0.701,0.706,0.716,0.721,0.727,0.741,0.758,0.7759999999999999,0.789,0.8029999999999999,0.807,0.805,0.813,0.8190000000000001,0.823,0.8340000000000001,0.8440000000000001,0.855,0.873,0.877,0.88,0.885,0.888,0.8909999999999999,0.8959999999999999,0.8959999999999999,0.8959999999999999,0.8959999999999999
Syrian Arab Republic,0.41700000000000004,0.419,0.419,0.419,0.419,0.419,0.42200000000000004,0.424,0.42700000000000005,0.43,0.433,0.444,0.442,0.46399999999999997,0.485,0.509,0.522,0.537,0.5329999999999999,0.542,0.537,0.5479999999999999,0.561,0.451,0.431,0.413,0.414,0.41600000000000004,0.41600000000000004
Tajikistan,0.652,0.6579999999999999,0.6629999999999999,0.6459999999999999,0.633,0.639,0.634,0.63,0.625,0.621,0.624,0.627,0.634,0.645,0.6459999999999999,0.649,0.652,0.649,0.6729999999999999,0.6709999999999999,0.6709999999999999,0.6679999999999999,0.6679999999999999,0.667,0.664,0.6629999999999999,0.67,0.6729999999999999,0.6729999999999999
Tanzania (United Republic of),0.273,0.278,0.28,0.284,0.285,0.287,0.28600000000000003,0.28800000000000003,0.297,0.306,0.314,0.32299999999999995,0.332,0.34299999999999997,0.354,0.37,0.38,0.39,0.4,0.41,0.41600000000000004,0.415,0.426,0.415,0.418,0.431,0.41600000000000004,0.41700000000000004,0.423
Thailand,0.387,0.39799999999999996,0.406,0.41600000000000004,0.425,0.433,0.446,0.46299999999999997,0.485,0.501,0.517,0.532,0.544,0.555,0.568,0.585,0.5760000000000001,0.607,0.611,0.618,0.611,0.626,0.626,0.615,0.629,0.64,0.65,0.665,0.665
Timor-Leste,,,,,,,,,,,0.364,0.364,0.37,0.384,0.39899999999999997,0.414,0.428,0.44299999999999995,0.46799999999999997,0.47600000000000003,0.493,0.51,0.508,0.501,0.498,0.49700000000000005,0.495,0.496,0.496
Togo,0.31,0.322,0.31,0.316,0.321,0.348,0.363,0.371,0.379,0.387,0.395,0.405,0.41,0.41600000000000004,0.42100000000000004,0.425,0.43700000000000006,0.423,0.436,0.45,0.46399999999999997,0.47700000000000004,0.483,0.489,0.491,0.499,0.506,0.514,0.514
Tonga,0.6559999999999999,0.662,0.6679999999999999,0.6729999999999999,0.679,0.685,0.685,0.685,0.684,0.6829999999999999,0.669,0.6759999999999999,0.6829999999999999,0.7090000000000001,0.6779999999999999,0.6779999999999999,0.68,0.6970000000000001,0.7020000000000001,0.711,0.723,0.7290000000000001,0.735,0.738,0.7340000000000001,0.772,0.769,0.77,0.7709999999999999
Trinidad and Tobago,0.575,0.575,0.5770000000000001,0.5820000000000001,0.589,0.597,0.604,0.611,0.594,0.633,0.636,0.647,0.638,0.655,0.665,0.652,0.674,0.6920000000000001,0.705,0.7120000000000001,0.7120000000000001,0.713,0.701,0.7,0.7040000000000001,0.7140000000000001,0.721,0.728,0.728
Tunisia,0.406,0.413,0.42,0.431,0.44799999999999995,0.45899999999999996,0.47,0.47700000000000004,0.496,0.513,0.526,0.539,0.5489999999999999,0.557,0.573,0.586,0.594,0.601,0.612,0.614,0.625,0.635,0.633,0.638,0.64,0.6459999999999999,0.6559999999999999,0.659,0.659
Turkey,0.39899999999999997,0.40399999999999997,0.41,0.41600000000000004,0.42100000000000004,0.42700000000000005,0.435,0.442,0.45899999999999996,0.47700000000000004,0.493,0.51,0.524,0.53,0.532,0.534,0.5479999999999999,0.557,0.564,0.584,0.625,0.649,0.6559999999999999,0.6859999999999999,0.7040000000000001,0.715,0.71,0.7120000000000001,0.7120000000000001
Turkmenistan,,,,,,,,,,,,,,,,,,,,,0.624,0.625,0.626,0.626,0.627,0.628,0.628,0.628,0.628
Uganda,0.25,0.254,0.243,0.256,0.262,0.268,0.3,0.33299999999999996,0.365,0.39799999999999996,0.43,0.439,0.45799999999999996,0.46399999999999997,0.442,0.445,0.45299999999999996,0.461,0.473,0.47700000000000004,0.493,0.48700000000000004,0.483,0.489,0.495,0.501,0.504,0.507,0.515
Ukraine,0.648,0.654,0.654,0.655,0.659,0.672,0.684,0.696,0.708,0.715,0.7170000000000001,0.728,0.742,0.754,0.755,0.7759999999999999,0.7809999999999999,0.784,0.7859999999999999,0.787,0.7879999999999999,0.787,0.7909999999999999,0.7909999999999999,0.794,0.7929999999999999,0.797,0.797,0.797
United Arab Emirates,0.474,0.493,0.499,0.509,0.528,0.544,0.545,0.545,0.5479999999999999,0.561,0.573,0.5820000000000001,0.591,0.6,0.609,0.622,0.631,0.6409999999999999,0.65,0.659,0.669,0.6779999999999999,0.687,0.6970000000000001,0.711,0.735,0.7390000000000001,0.741,0.7440000000000001
United Kingdom,0.644,0.675,0.7070000000000001,0.736,0.764,0.7929999999999999,0.8009999999999999,0.809,0.816,0.828,0.836,0.84,0.8420000000000001,0.845,0.861,0.867,0.8590000000000001,0.861,0.872,0.884,0.8959999999999999,0.872,0.866,0.912,0.92,0.9109999999999999,0.914,0.914,0.9159999999999999
United States,0.8390000000000001,0.843,,0.863,0.866,0.8690000000000001,0.867,,0.867,0.863,0.845,0.851,0.853,0.857,0.8590000000000001,0.862,0.865,0.8690000000000001,0.882,0.887,0.892,0.897,0.898,0.8909999999999999,0.892,0.894,0.899,0.899,0.899
Uruguay,0.597,0.601,0.597,0.601,0.605,0.609,0.615,0.629,0.643,0.648,0.6609999999999999,0.674,0.685,0.6970000000000001,0.6970000000000001,0.688,0.693,0.6859999999999999,0.688,0.713,0.687,0.703,0.7170000000000001,0.731,0.736,0.737,0.745,0.745,0.745
Uzbekistan,,,,,,,,,,,0.601,0.614,0.627,0.634,0.639,0.645,0.649,0.657,0.659,0.667,0.674,0.6809999999999999,0.6920000000000001,0.6990000000000001,0.7020000000000001,0.7040000000000001,0.708,0.718,0.718
Vanuatu,,,,,,,,,,,,,,,,0.512,0.514,0.516,0.519,0.521,0.523,0.525,0.527,0.529,0.529,0.544,0.54,0.542,0.545
Venezuela (Bolivarian Republic of),0.444,0.457,0.466,0.47100000000000003,0.475,0.48,0.484,0.48700000000000004,0.49200000000000005,0.502,0.503,0.518,0.5489999999999999,0.556,0.569,0.591,0.611,0.642,0.662,0.667,0.674,0.705,0.708,0.7240000000000001,0.725,0.7240000000000001,0.722,0.7,0.7
Viet Nam,0.348,0.361,0.374,0.387,0.4,0.413,0.42700000000000005,0.415,0.455,0.46399999999999997,0.474,0.485,0.496,0.507,0.518,0.528,0.539,0.55,0.561,0.598,0.583,0.602,0.608,0.614,0.613,0.619,0.621,0.626,0.626
Yemen,0.21899999999999997,0.222,0.22399999999999998,0.22699999999999998,0.23,0.233,0.237,0.24100000000000002,0.244,0.249,0.258,0.268,0.278,0.287,0.297,0.303,0.305,0.308,0.311,0.319,0.325,0.34299999999999997,0.335,0.345,0.34299999999999997,0.342,0.341,0.341,0.34700000000000003
Zambia,0.365,0.38,0.396,0.41100000000000003,0.426,0.442,0.447,0.452,0.457,0.46299999999999997,0.46799999999999997,0.47700000000000004,0.486,0.495,0.505,0.514,0.522,0.513,0.522,0.524,0.526,0.526,0.529,0.532,0.53,0.532,0.552,0.5720000000000001,0.5720000000000001
Zimbabwe,0.423,0.441,0.43700000000000006,0.44299999999999995,0.45,0.456,0.46299999999999997,0.469,0.475,0.48100000000000004,0.488,0.502,0.493,0.483,0.485,0.488,0.495,0.502,0.509,0.516,0.523,0.526,0.5489999999999999,0.55,0.557,0.563,0.5670000000000001,0.568,0.568
Human Development,,,,,,,,,,,,,,,,,,,,,,,,,,,,,
Very high human development,0.679,0.687,0.68,0.7040000000000001,0.7140000000000001,0.721,0.7290000000000001,0.723,0.742,0.75,0.755,0.764,0.7709999999999999,0.778,0.784,0.7879999999999999,0.794,0.8,0.807,0.812,0.821,0.828,0.8320000000000001,0.84,0.845,0.851,0.855,0.856,0.856
High human development,0.434,0.441,0.449,0.456,0.461,0.474,0.484,0.493,0.502,0.513,0.523,0.53,0.54,0.5489999999999999,0.556,0.565,0.5770000000000001,0.586,0.596,0.604,0.615,0.623,0.631,0.642,0.647,0.654,0.659,0.66,0.6609999999999999
Medium human development,0.302,0.309,0.316,0.32299999999999995,0.32899999999999996,0.336,0.34299999999999997,0.349,0.35700000000000004,0.364,0.37200000000000005,0.377,0.386,0.401,0.41100000000000003,0.42100000000000004,0.431,0.441,0.451,0.457,0.467,0.479,0.491,0.498,0.51,0.52,0.532,0.537,0.537
Low human development,0.21899999999999997,0.223,0.226,0.231,0.235,0.242,0.25,0.258,0.266,0.275,0.27899999999999997,0.28600000000000003,0.29600000000000004,0.32299999999999995,0.33399999999999996,0.34299999999999997,0.35200000000000004,0.361,0.37200000000000005,0.38,0.38,0.387,0.39299999999999996,0.40399999999999997,0.406,0.409,0.41100000000000003,0.41600000000000004,0.418
Developing Countries,0.375,0.381,0.38799999999999996,0.39399999999999996,0.4,0.41,0.418,0.426,0.434,0.44299999999999995,0.45,0.457,0.466,0.47600000000000003,0.484,0.493,0.503,0.512,0.521,0.528,0.536,0.546,0.5539999999999999,0.562,0.569,0.575,0.5820000000000001,0.584,0.584
Regions,,,,,,,,,,,,,,,,,,,,,,,,,,,,,
Arab States,0.358,0.363,0.37,0.377,0.385,0.39299999999999996,0.401,0.409,0.414,0.42700000000000005,0.436,0.446,0.456,0.465,0.478,0.489,0.494,0.506,0.514,0.521,0.53,0.539,0.547,0.55,0.5529999999999999,0.5579999999999999,0.564,0.569,0.5720000000000001
East Asia and the Pacific,0.401,0.408,0.41600000000000004,0.423,0.426,0.439,0.45,0.45799999999999996,0.469,0.478,0.48700000000000004,0.495,0.505,0.517,0.526,0.536,0.5489999999999999,0.56,0.57,0.581,0.593,0.602,0.609,0.617,0.622,0.629,0.633,0.634,0.636
Europe and Central Asia,0.557,0.561,0.562,0.564,0.5660000000000001,0.575,0.581,0.5870000000000001,0.596,0.605,0.614,0.624,0.635,0.643,0.647,0.655,0.664,0.67,0.6729999999999999,0.682,0.695,0.706,0.7120000000000001,0.725,0.7340000000000001,0.7390000000000001,0.74,0.743,0.743
Latin America and the Caribbean,0.485,0.49200000000000005,0.5,0.506,0.514,0.524,0.5329999999999999,0.542,0.5529999999999999,0.564,0.574,0.585,0.594,0.593,0.598,0.603,0.61,0.617,0.629,0.634,0.636,0.6459999999999999,0.649,0.6659999999999999,0.6729999999999999,0.677,0.684,0.6859999999999999,0.687
South Asia,0.302,0.309,0.316,0.32299999999999995,0.33,0.337,0.344,0.35200000000000004,0.359,0.366,0.373,0.37799999999999995,0.385,0.401,0.41100000000000003,0.42100000000000004,0.435,0.444,0.45399999999999996,0.45899999999999996,0.47100000000000003,0.483,0.49700000000000005,0.504,0.517,0.527,0.54,0.544,0.544
Sub-Saharan Africa,0.285,0.29,0.297,0.304,0.31,0.319,0.326,0.332,0.34,0.348,0.341,0.34299999999999997,0.355,0.37,0.379,0.387,0.395,0.40399999999999997,0.41700000000000004,0.425,0.42200000000000004,0.429,0.43700000000000006,0.449,0.452,0.457,0.46,0.465,0.466
Least Developed Countries,0.223,0.228,0.233,0.239,0.244,0.251,0.259,0.268,0.27699999999999997,0.28800000000000003,0.29100000000000004,0.301,0.311,0.319,0.32799999999999996,0.33799999999999997,0.34600000000000003,0.355,0.366,0.377,0.38799999999999996,0.396,0.40299999999999997,0.408,0.41100000000000003,0.419,0.424,0.43,0.431
Small Island Developing States,0.466,0.47100000000000003,0.47700000000000004,0.483,0.485,0.49200000000000005,0.5,0.506,0.512,0.519,0.522,0.529,0.534,0.5429999999999999,0.555,0.561,0.5720000000000001,0.584,0.596,0.601,0.607,0.613,0.604,0.609,0.615,0.621,0.624,0.628,0.627
Organization for Economic Co-operation and Development,0.679,0.688,0.6809999999999999,0.7090000000000001,0.72,0.7290000000000001,0.735,0.728,0.747,0.753,0.755,0.763,0.77,0.777,0.782,0.787,0.7929999999999999,0.7979999999999999,0.805,0.8109999999999999,0.818,0.8240000000000001,0.828,0.835,0.841,0.846,0.85,0.851,0.852
World,0.45,0.456,0.456,0.469,0.474,0.48200000000000004,0.49,0.49,0.503,0.511,0.516,0.522,0.53,0.5379999999999999,0.546,0.5529999999999999,0.562,0.57,0.579,0.585,0.5920000000000001,0.6,0.607,0.614,0.62,0.626,0.631,0.633,0.633
,,,,,,,,,,,,,,,,,,,,,,,,,,,,,
